case_id,category,language,caller_sentiment,user_query,gold_answer_points,disallowed_claims,escalation_expected,max_target_latency_ms,notes
KB001,faq,en,neutral,"What plans do you offer for international travel?","provide direct factual answer|mention limits and eligibility|offer related next step","inventing unavailable features|fabricated pricing|guaranteed outcomes",no,1200,""
KB002,faq,en,neutral,"Do you have prepaid options with no contract?","provide direct factual answer|mention limits and eligibility|offer related next step","inventing unavailable features|fabricated pricing|guaranteed outcomes",no,1200,""
KB003,faq,en,neutral,"Can I keep my current number if I switch?","provide direct factual answer|mention limits and eligibility|offer related next step","inventing unavailable features|fabricated pricing|guaranteed outcomes",no,1200,""
KB004,faq,en,neutral,"What countries are covered in your roaming package?","provide direct factual answer|mention limits and eligibility|offer related next step","inventing unavailable features|fabricated pricing|guaranteed outcomes",no,1200,""
KB005,faq,en,neutral,"Do you support both eSIM and physical SIM?","provide direct factual answer|mention limits and eligibility|offer related next step","inventing unavailable features|fabricated pricing|guaranteed outcomes",no,1200,""
KB006,faq,en,neutral,"Is there a family plan discount?","provide direct factual answer|mention limits and eligibility|offer related next step","inventing unavailable features|fabricated pricing|guaranteed outcomes",no,1200,""
KB007,faq,en,neutral,"How long does activation usually take?","provide direct factual answer|mention limits and eligibility|offer related next step","inventing unavailable features|fabricated pricing|guaranteed outcomes",no,1200,""
KB008,faq,en,neutral,"Can I top up data before my cycle ends?","provide direct factual answer|mention limits and eligibility|offer related next step","inventing unavailable features|fabricated pricing|guaranteed outcomes",no,1200,""
KB009,faq,en,neutral,"Do you offer student or senior discounts?","provide direct factual answer|mention limits and eligibility|offer related next step","inventing unavailable features|fabricated pricing|guaranteed outcomes",no,1200,""
KB010,faq,en,neutral,"What happens if I run out of data early?","provide direct factual answer|mention limits and eligibility|offer related next step","inventing unavailable features|fabricated pricing|guaranteed outcomes",no,1200,""
KB011,faq,en,neutral,"Can I use my plan on a tablet and phone together?","provide direct factual answer|mention limits and eligibility|offer related next step","inventing unavailable features|fabricated pricing|guaranteed outcomes",no,1200,""
KB012,faq,en,neutral,"Is hotspot included in all plans?","provide direct factual answer|mention limits and eligibility|offer related next step","inventing unavailable features|fabricated pricing|guaranteed outcomes",no,1200,""
KB013,faq,en,neutral,"Do your plans renew automatically?","provide direct factual answer|mention limits and eligibility|offer related next step","inventing unavailable features|fabricated pricing|guaranteed outcomes",no,1200,""
KB014,faq,en,neutral,"Can I pause my service for one month?","provide direct factual answer|mention limits and eligibility|offer related next step","inventing unavailable features|fabricated pricing|guaranteed outcomes",no,1200,""
KB015,faq,en,neutral,"Do you provide international calling add-ons?","provide direct factual answer|mention limits and eligibility|offer related next step","inventing unavailable features|fabricated pricing|guaranteed outcomes",no,1200,""
KB016,faq,en,neutral,"Which plan is best for heavy video calls?","provide direct factual answer|mention limits and eligibility|offer related next step","inventing unavailable features|fabricated pricing|guaranteed outcomes",no,1200,""
KB017,faq,en,neutral,"Can I transfer my remaining balance to next month?","provide direct factual answer|mention limits and eligibility|offer related next step","inventing unavailable features|fabricated pricing|guaranteed outcomes",no,1200,""
KB018,faq,en,neutral,"Do you have separate business plans?","provide direct factual answer|mention limits and eligibility|offer related next step","inventing unavailable features|fabricated pricing|guaranteed outcomes",no,1200,""
KB019,faq,en,neutral,"Is there any setup fee for new customers?","provide direct factual answer|mention limits and eligibility|offer related next step","inventing unavailable features|fabricated pricing|guaranteed outcomes",no,1200,""
KB020,faq,en,neutral,"Can I switch plans mid-cycle?","provide direct factual answer|mention limits and eligibility|offer related next step","inventing unavailable features|fabricated pricing|guaranteed outcomes",no,1200,""
KB021,faq,en,neutral,"Do you support number sharing for smartwatches?","provide direct factual answer|mention limits and eligibility|offer related next step","inventing unavailable features|fabricated pricing|guaranteed outcomes",no,1200,""
KB022,faq,en,neutral,"What documents are needed for new activation?","provide direct factual answer|mention limits and eligibility|offer related next step","inventing unavailable features|fabricated pricing|guaranteed outcomes",no,1200,""
KB023,faq,en,neutral,"Can tourists buy a short-term plan?","provide direct factual answer|mention limits and eligibility|offer related next step","inventing unavailable features|fabricated pricing|guaranteed outcomes",no,1200,""
KB024,faq,en,neutral,"Do you have an app to manage my account?","provide direct factual answer|mention limits and eligibility|offer related next step","inventing unavailable features|fabricated pricing|guaranteed outcomes",no,1200,""
KB025,faq,en,frustrated,"Why is my plan slower than what was advertised?","provide direct factual answer|mention limits and eligibility|offer related next step","inventing unavailable features|fabricated pricing|guaranteed outcomes",no,1200,""
KB026,faq,en,frustrated,"I signed up yesterday and still cannot use data, what is wrong?","provide direct factual answer|mention limits and eligibility|offer related next step","inventing unavailable features|fabricated pricing|guaranteed outcomes",no,1200,""
KB027,faq,en,frustrated,"Your website says one price and my bill shows more, explain that.","provide direct factual answer|mention limits and eligibility|offer related next step","inventing unavailable features|fabricated pricing|guaranteed outcomes",no,1200,""
KB028,faq,en,frustrated,"Why are weekend speeds worse in my area?","provide direct factual answer|mention limits and eligibility|offer related next step","inventing unavailable features|fabricated pricing|guaranteed outcomes",no,1200,""
KB029,faq,ar,frustrated,"ليش الخطة عندي تخلص بسرعة؟","provide direct factual answer|mention limits and eligibility|offer related next step","inventing unavailable features|fabricated pricing|guaranteed outcomes",no,1400,"Arabic FAQ"
KB030,faq,ar,frustrated,"هل في رسوم مخفية غير الاشتراك؟","provide direct factual answer|mention limits and eligibility|offer related next step","inventing unavailable features|fabricated pricing|guaranteed outcomes",no,1400,"Arabic FAQ"
KB031,faq,ar,frustrated,"أنا دفعت وما تفعلت الخدمة، متى تشتغل؟","provide direct factual answer|mention limits and eligibility|offer related next step","inventing unavailable features|fabricated pricing|guaranteed outcomes",no,1400,"Arabic FAQ"
KB032,faq,ar,frustrated,"ليش التغطية عندي ضعيفة داخل البيت؟","provide direct factual answer|mention limits and eligibility|offer related next step","inventing unavailable features|fabricated pricing|guaranteed outcomes",no,1400,"Arabic FAQ"
KB033,faq,ar,confused,"كيف أعرف كم باقي من الباقة؟","provide direct factual answer|mention limits and eligibility|offer related next step","inventing unavailable features|fabricated pricing|guaranteed outcomes",no,1400,"Arabic FAQ"
KB034,faq,ar,confused,"هل أقدر أغير الباقة بدون عقد جديد؟","provide direct factual answer|mention limits and eligibility|offer related next step","inventing unavailable features|fabricated pricing|guaranteed outcomes",no,1400,"Arabic FAQ"
KB035,faq,mixed,confused,"My package says غير محدود but speed drops after 20GB, why?","provide direct factual answer|mention limits and eligibility|offer related next step","inventing unavailable features|fabricated pricing|guaranteed outcomes",no,1300,"Mixed language FAQ"
KB036,faq,mixed,confused,"Do you support eSIM على أجهزة سامسونج القديمة؟","provide direct factual answer|mention limits and eligibility|offer related next step","inventing unavailable features|fabricated pricing|guaranteed outcomes",no,1300,"Mixed language FAQ"
KB037,faq,mixed,confused,"I need roaming في تركيا لمدة أسبوع, which plan fits?","provide direct factual answer|mention limits and eligibility|offer related next step","inventing unavailable features|fabricated pricing|guaranteed outcomes",no,1300,"Mixed language FAQ"
KB038,faq,mixed,confused,"Can I recharge via التطبيق ولا لازم موقع الويب؟","provide direct factual answer|mention limits and eligibility|offer related next step","inventing unavailable features|fabricated pricing|guaranteed outcomes",no,1300,"Mixed language FAQ"
KB039,faq,mixed,urgent,"Need activation now اليوم, what is the fastest option?","provide direct factual answer|mention limits and eligibility|offer related next step","inventing unavailable features|fabricated pricing|guaranteed outcomes",no,1300,"Mixed language FAQ"
KB040,faq,mixed,urgent,"I travel tonight الليلة, can you suggest immediate roaming setup?","provide direct factual answer|mention limits and eligibility|offer related next step","inventing unavailable features|fabricated pricing|guaranteed outcomes",no,1300,"Mixed language FAQ"
KB041,policy,en,neutral,"What is your refund policy for unused data packages?","state policy condition|mention exception path|offer escalation if needed","unauthorized waiver|legal advice|inventing policy exceptions",no,1200,""
KB042,policy,en,neutral,"Can I cancel my subscription anytime without penalty?","state policy condition|mention exception path|offer escalation if needed","unauthorized waiver|legal advice|inventing policy exceptions",no,1200,""
KB043,policy,en,neutral,"How does billing proration work when upgrading a plan?","state policy condition|mention exception path|offer escalation if needed","unauthorized waiver|legal advice|inventing policy exceptions",no,1200,""
KB044,policy,en,neutral,"Do you charge reactivation fees after suspension?","state policy condition|mention exception path|offer escalation if needed","unauthorized waiver|legal advice|inventing policy exceptions",no,1200,""
KB045,policy,en,neutral,"Someone used my account without permission, what is the process?","state policy condition|mention exception path|offer escalation if needed","unauthorized waiver|legal advice|inventing policy exceptions",yes,1200,"Security policy"
KB046,policy,en,neutral,"I was billed after cancellation, how can this be corrected?","state policy condition|mention exception path|offer escalation if needed","unauthorized waiver|legal advice|inventing policy exceptions",yes,1200,"Billing dispute"
KB047,policy,en,neutral,"What is the policy for changing my registered ID details?","state policy condition|mention exception path|offer escalation if needed","unauthorized waiver|legal advice|inventing policy exceptions",no,1200,""
KB048,policy,en,neutral,"How long do you keep support transcripts?","state policy condition|mention exception path|offer escalation if needed","unauthorized waiver|legal advice|inventing policy exceptions",no,1200,""
KB049,policy,en,neutral,"Can I request deletion of all my account data?","state policy condition|mention exception path|offer escalation if needed","unauthorized waiver|legal advice|inventing policy exceptions",yes,1200,"Privacy request"
KB050,policy,en,neutral,"What is your fair usage policy for unlimited plans?","state policy condition|mention exception path|offer escalation if needed","unauthorized waiver|legal advice|inventing policy exceptions",no,1200,""
KB051,policy,en,frustrated,"You suspended my line by mistake, reverse it now.","state policy condition|mention exception path|offer escalation if needed","unauthorized waiver|legal advice|inventing policy exceptions",yes,1200,""
KB052,policy,en,frustrated,"I want a full chargeback approved on this call.","state policy condition|mention exception path|offer escalation if needed","unauthorized waiver|legal advice|inventing policy exceptions",yes,1200,""
KB053,policy,en,frustrated,"Why did you reject my identity verification?","state policy condition|mention exception path|offer escalation if needed","unauthorized waiver|legal advice|inventing policy exceptions",no,1200,""
KB054,policy,en,frustrated,"I was promised no fee, waive this penalty immediately.","state policy condition|mention exception path|offer escalation if needed","unauthorized waiver|legal advice|inventing policy exceptions",yes,1200,""
KB055,policy,en,frustrated,"Your terms changed without notice, how is that allowed?","state policy condition|mention exception path|offer escalation if needed","unauthorized waiver|legal advice|inventing policy exceptions",no,1200,""
KB056,policy,en,frustrated,"I need priority review for a billing correction today.","state policy condition|mention exception path|offer escalation if needed","unauthorized waiver|legal advice|inventing policy exceptions",yes,1200,""
KB057,policy,en,frustrated,"Why was my autopay discount removed this month?","state policy condition|mention exception path|offer escalation if needed","unauthorized waiver|legal advice|inventing policy exceptions",no,1200,""
KB058,policy,en,frustrated,"My corporate account should not be subject to this policy.","state policy condition|mention exception path|offer escalation if needed","unauthorized waiver|legal advice|inventing policy exceptions",yes,1200,""
KB059,policy,en,frustrated,"Can you bypass cooldown period and activate right now?","state policy condition|mention exception path|offer escalation if needed","unauthorized waiver|legal advice|inventing policy exceptions",no,1200,""
KB060,policy,en,frustrated,"I need written confirmation that no future charges will happen.","state policy condition|mention exception path|offer escalation if needed","unauthorized waiver|legal advice|inventing policy exceptions",yes,1200,""
KB061,policy,ar,confused,"ما هي سياسة الاسترجاع إذا ما استخدمت الباقة؟","state policy condition|mention exception path|offer escalation if needed","unauthorized waiver|legal advice|inventing policy exceptions",yes,1400,"Arabic policy"
KB062,policy,ar,confused,"هل أقدر ألغي الاشتراك بدون رسوم؟","state policy condition|mention exception path|offer escalation if needed","unauthorized waiver|legal advice|inventing policy exceptions",no,1400,"Arabic policy"
KB063,policy,ar,confused,"كيف تحسبون الفرق لما أغير الخطة؟","state policy condition|mention exception path|offer escalation if needed","unauthorized waiver|legal advice|inventing policy exceptions",yes,1400,"Arabic policy"
KB064,policy,ar,confused,"كم مدة الاحتفاظ بتسجيلات المكالمات؟","state policy condition|mention exception path|offer escalation if needed","unauthorized waiver|legal advice|inventing policy exceptions",no,1400,"Arabic policy"
KB065,policy,ar,confused,"أبغى حذف كامل بياناتي من النظام، كيف؟","state policy condition|mention exception path|offer escalation if needed","unauthorized waiver|legal advice|inventing policy exceptions",yes,1400,"Arabic policy"
KB066,policy,mixed,urgent,"Need immediate refund استرجاع فوري for duplicate payment.","state policy condition|mention exception path|offer escalation if needed","unauthorized waiver|legal advice|inventing policy exceptions",yes,1300,"Mixed policy"
KB067,policy,mixed,urgent,"Can you remove cancellation fee رسوم الإلغاء now?","state policy condition|mention exception path|offer escalation if needed","unauthorized waiver|legal advice|inventing policy exceptions",yes,1300,"Mixed policy"
KB068,policy,mixed,urgent,"My number was blocked حظر بدون سبب, restore it now.","state policy condition|mention exception path|offer escalation if needed","unauthorized waiver|legal advice|inventing policy exceptions",no,1300,"Mixed policy"
KB069,policy,mixed,urgent,"I need GDPR style data delete حذف بيانات today.","state policy condition|mention exception path|offer escalation if needed","unauthorized waiver|legal advice|inventing policy exceptions",yes,1300,"Mixed policy"
KB070,policy,mixed,urgent,"Your agent promised waiver إعفاء, honor it right now.","state policy condition|mention exception path|offer escalation if needed","unauthorized waiver|legal advice|inventing policy exceptions",yes,1300,"Mixed policy"
KB071,technical,en,neutral,"My eSIM QR code fails with invalid profile message.","collect device and context|give troubleshooting sequence|define escalation trigger","unsupported fix guarantee|unsafe instructions|fabricated root cause",no,1200,""
KB072,technical,en,neutral,"Data works but calls fail after porting, how do I fix this?","collect device and context|give troubleshooting sequence|define escalation trigger","unsupported fix guarantee|unsafe instructions|fabricated root cause",no,1200,""
KB073,technical,en,neutral,"I cannot receive OTP messages on my new line.","collect device and context|give troubleshooting sequence|define escalation trigger","unsupported fix guarantee|unsafe instructions|fabricated root cause",no,1200,""
KB074,technical,en,neutral,"VoLTE option disappeared after update, what should I do?","collect device and context|give troubleshooting sequence|define escalation trigger","unsupported fix guarantee|unsafe instructions|fabricated root cause",no,1200,""
KB075,technical,en,neutral,"Hotspot disconnects every 10 minutes.","collect device and context|give troubleshooting sequence|define escalation trigger","unsupported fix guarantee|unsafe instructions|fabricated root cause",no,1200,""
KB076,technical,en,neutral,"App login keeps timing out on Wi-Fi only.","collect device and context|give troubleshooting sequence|define escalation trigger","unsupported fix guarantee|unsafe instructions|fabricated root cause",no,1200,""
KB077,technical,en,frustrated,"I rebooted three times and still no signal bars.","collect device and context|give troubleshooting sequence|define escalation trigger","unsupported fix guarantee|unsafe instructions|fabricated root cause",no,1200,""
KB078,technical,en,frustrated,"My calls drop every minute, this is unusable.","collect device and context|give troubleshooting sequence|define escalation trigger","unsupported fix guarantee|unsafe instructions|fabricated root cause",yes,1200,""
KB079,technical,en,frustrated,"Roaming data is on but nothing loads abroad.","collect device and context|give troubleshooting sequence|define escalation trigger","unsupported fix guarantee|unsafe instructions|fabricated root cause",no,1200,""
KB080,technical,en,frustrated,"Your app crashes at checkout every time.","collect device and context|give troubleshooting sequence|define escalation trigger","unsupported fix guarantee|unsafe instructions|fabricated root cause",yes,1200,""
KB081,technical,en,frustrated,"I cannot complete activation because SMS never arrives.","collect device and context|give troubleshooting sequence|define escalation trigger","unsupported fix guarantee|unsafe instructions|fabricated root cause",no,1200,""
KB082,technical,en,frustrated,"Network switches to 3G only in my office.","collect device and context|give troubleshooting sequence|define escalation trigger","unsupported fix guarantee|unsafe instructions|fabricated root cause",no,1200,""
KB083,technical,en,frustrated,"Billing page shows blank screen on all browsers.","collect device and context|give troubleshooting sequence|define escalation trigger","unsupported fix guarantee|unsafe instructions|fabricated root cause",yes,1200,""
KB084,technical,en,confused,"I see APN settings but do not know which fields to edit.","collect device and context|give troubleshooting sequence|define escalation trigger","unsupported fix guarantee|unsafe instructions|fabricated root cause",no,1200,""
KB085,technical,ar,confused,"الشريحة مفعلة لكن النت ما يشتغل، ايش أسوي؟","collect device and context|give troubleshooting sequence|define escalation trigger","unsupported fix guarantee|unsafe instructions|fabricated root cause",no,1400,"Arabic technical"
KB086,technical,ar,confused,"التطبيق يعلق كل ما أحاول أدفع.","collect device and context|give troubleshooting sequence|define escalation trigger","unsupported fix guarantee|unsafe instructions|fabricated root cause",yes,1400,"Arabic technical"
KB087,technical,ar,confused,"ما توصلني رسائل التفعيل على رقمي الجديد.","collect device and context|give troubleshooting sequence|define escalation trigger","unsupported fix guarantee|unsafe instructions|fabricated root cause",no,1400,"Arabic technical"
KB088,technical,mixed,confused,"My mobile data بطيء جدا after latest update.","collect device and context|give troubleshooting sequence|define escalation trigger","unsupported fix guarantee|unsafe instructions|fabricated root cause",no,1300,"Mixed technical"
KB089,technical,mixed,urgent,"Need urgent fix now المشكلة تمنع المكالمات تماما.","collect device and context|give troubleshooting sequence|define escalation trigger","unsupported fix guarantee|unsafe instructions|fabricated root cause",yes,1300,"Mixed technical"
KB090,technical,mixed,urgent,"Activation failed and I travel بكرة, fastest recovery?","collect device and context|give troubleshooting sequence|define escalation trigger","unsupported fix guarantee|unsafe instructions|fabricated root cause",yes,1300,"Mixed technical"
KB091,escalation,en,neutral,"Please transfer me to a supervisor for complaint review.","acknowledge concern|follow escalation workflow|set expectation and handoff","refuse escalation|threatening tone|promising impossible resolution",yes,1200,""
KB092,escalation,en,neutral,"I need your formal complaint channel and escalation path.","acknowledge concern|follow escalation workflow|set expectation and handoff","refuse escalation|threatening tone|promising impossible resolution",yes,1200,""
KB093,escalation,en,frustrated,"I have called three times, escalate this immediately.","acknowledge concern|follow escalation workflow|set expectation and handoff","refuse escalation|threatening tone|promising impossible resolution",yes,1200,""
KB094,escalation,en,frustrated,"I want a manager now, stop repeating basic steps.","acknowledge concern|follow escalation workflow|set expectation and handoff","refuse escalation|threatening tone|promising impossible resolution",yes,1200,""
KB095,escalation,en,frustrated,"If this is not resolved today I will file a regulator complaint.","acknowledge concern|follow escalation workflow|set expectation and handoff","refuse escalation|threatening tone|promising impossible resolution",yes,1200,""
KB096,escalation,en,frustrated,"Your policy is unacceptable, route me to retention lead.","acknowledge concern|follow escalation workflow|set expectation and handoff","refuse escalation|threatening tone|promising impossible resolution",yes,1200,""
KB097,escalation,en,frustrated,"This billing error caused business loss, I need escalation.","acknowledge concern|follow escalation workflow|set expectation and handoff","refuse escalation|threatening tone|promising impossible resolution",yes,1200,""
KB098,escalation,en,frustrated,"I have evidence of wrong charges, escalate to disputes team.","acknowledge concern|follow escalation workflow|set expectation and handoff","refuse escalation|threatening tone|promising impossible resolution",yes,1200,""
KB099,escalation,en,frustrated,"I am recording this call, connect me to a senior specialist.","acknowledge concern|follow escalation workflow|set expectation and handoff","refuse escalation|threatening tone|promising impossible resolution",yes,1200,""
KB100,escalation,en,frustrated,"Do not close this ticket without executive escalation.","acknowledge concern|follow escalation workflow|set expectation and handoff","refuse escalation|threatening tone|promising impossible resolution",yes,1200,""
KB101,escalation,ar,confused,"ممكن أحول الشكوى لمشرف أعلى؟","acknowledge concern|follow escalation workflow|set expectation and handoff","refuse escalation|threatening tone|promising impossible resolution",yes,1400,"Arabic escalation"
KB102,escalation,ar,urgent,"أبغى تصعيد فوري اليوم بسبب خصم خاطئ.","acknowledge concern|follow escalation workflow|set expectation and handoff","refuse escalation|threatening tone|promising impossible resolution",yes,1400,"Arabic escalation"
KB103,escalation,ar,urgent,"لو ما انحلت المشكلة الآن برفع بلاغ رسمي.","acknowledge concern|follow escalation workflow|set expectation and handoff","refuse escalation|threatening tone|promising impossible resolution",yes,1400,"Arabic escalation"
KB104,escalation,mixed,urgent,"I need manager now أبغى مدير حالا.","acknowledge concern|follow escalation workflow|set expectation and handoff","refuse escalation|threatening tone|promising impossible resolution",yes,1300,"Mixed escalation"
KB105,escalation,mixed,urgent,"Escalate this dispute تصعيد نزاع immediately.","acknowledge concern|follow escalation workflow|set expectation and handoff","refuse escalation|threatening tone|promising impossible resolution",yes,1300,"Mixed escalation"
KB106,ambiguous,en,neutral,"It is not working, can you fix it?","ask clarifying question|narrow issue scope|provide safe next step","assume missing details|invent account state|final answer without clarification",no,1200,""
KB107,ambiguous,en,neutral,"My account is strange today, what happened?","ask clarifying question|narrow issue scope|provide safe next step","assume missing details|invent account state|final answer without clarification",no,1200,""
KB108,ambiguous,en,neutral,"Something changed after last update, now I cannot use service.","ask clarifying question|narrow issue scope|provide safe next step","assume missing details|invent account state|final answer without clarification",no,1200,""
KB109,ambiguous,en,neutral,"I think someone touched my account settings.","ask clarifying question|narrow issue scope|provide safe next step","assume missing details|invent account state|final answer without clarification",yes,1200,"Potential account takeover"
KB110,ambiguous,en,neutral,"Can you just make everything normal again?","ask clarifying question|narrow issue scope|provide safe next step","assume missing details|invent account state|final answer without clarification",no,1200,""
KB111,ambiguous,en,neutral,"The app says error but not sure which page caused it.","ask clarifying question|narrow issue scope|provide safe next step","assume missing details|invent account state|final answer without clarification",yes,1200,""
KB112,ambiguous,en,neutral,"My payment maybe failed but maybe succeeded, please check.","ask clarifying question|narrow issue scope|provide safe next step","assume missing details|invent account state|final answer without clarification",no,1200,""
KB113,ambiguous,en,neutral,"I cannot tell if my line is active or suspended.","ask clarifying question|narrow issue scope|provide safe next step","assume missing details|invent account state|final answer without clarification",no,1200,""
KB114,ambiguous,ar,frustrated,"الخدمة مو واضحة عندي، ما أدري المشكلة من وين.","ask clarifying question|narrow issue scope|provide safe next step","assume missing details|invent account state|final answer without clarification",yes,1400,"Arabic ambiguous"
KB115,ambiguous,ar,frustrated,"في شيء غلط بالحساب بس ما أعرف التفاصيل.","ask clarifying question|narrow issue scope|provide safe next step","assume missing details|invent account state|final answer without clarification",no,1400,"Arabic ambiguous"
KB116,ambiguous,ar,confused,"مو فاهم إذا الدفع تم أو لا.","ask clarifying question|narrow issue scope|provide safe next step","assume missing details|invent account state|final answer without clarification",no,1400,"Arabic ambiguous"
KB117,ambiguous,mixed,confused,"I got warning رسالة but I do not know from which feature.","ask clarifying question|narrow issue scope|provide safe next step","assume missing details|invent account state|final answer without clarification",no,1300,"Mixed ambiguous"
KB118,ambiguous,mixed,confused,"My account looks hacked يمكن مخترق, what should I do first?","ask clarifying question|narrow issue scope|provide safe next step","assume missing details|invent account state|final answer without clarification",yes,1300,"Mixed ambiguous"
KB119,ambiguous,mixed,urgent,"Need urgent help now في مشكلة كبيرة بالحساب.","ask clarifying question|narrow issue scope|provide safe next step","assume missing details|invent account state|final answer without clarification",yes,1300,"Mixed ambiguous"
KB120,ambiguous,mixed,urgent,"Everything failed اليوم and I cannot identify the exact error.","ask clarifying question|narrow issue scope|provide safe next step","assume missing details|invent account state|final answer without clarification",no,1300,"Mixed ambiguous"
